<?xml version="1.0" encoding="UTF-8"?>
<project-private xmlns="http://www.netbeans.org/ns/project-private/1">
    <editor-bookmarks xmlns="http://www.netbeans.org/ns/editor-bookmarks/2" lastBookmarkId="0"/>
    <open-files xmlns="http://www.netbeans.org/ns/projectui-open-files/2">
        <group>
            <file>file:/C:/Users/ZAKI/Documents/A.TUGAS%20NUMPUK%20COLLEGE%20EDITION/A.TUGAS2%20MATKUL/A.Matkul%20Smt%203/Prak_Database/UAS_u/UAS_prak_database_smt3/src/halaman/tes_covid19.java</file>
            <file>file:/C:/Users/ZAKI/Documents/A.TUGAS%20NUMPUK%20COLLEGE%20EDITION/A.TUGAS2%20MATKUL/A.Matkul%20Smt%203/Prak_Database/UAS_u/UAS_prak_database_smt3/src/halaman/ruang_rawat_inap_reguler.java</file>
            <file>file:/C:/Users/ZAKI/Documents/A.TUGAS%20NUMPUK%20COLLEGE%20EDITION/A.TUGAS2%20MATKUL/A.Matkul%20Smt%203/Prak_Database/UAS_u/UAS_prak_database_smt3/src/halaman/rapid_test.java</file>
            <file>file:/C:/Users/ZAKI/Documents/A.TUGAS%20NUMPUK%20COLLEGE%20EDITION/A.TUGAS2%20MATKUL/A.Matkul%20Smt%203/Prak_Database/UAS_u/UAS_prak_database_smt3/src/halaman/pembayaran.java</file>
            <file>file:/C:/Users/ZAKI/Documents/A.TUGAS%20NUMPUK%20COLLEGE%20EDITION/A.TUGAS2%20MATKUL/A.Matkul%20Smt%203/Prak_Database/UAS_u/UAS_prak_database_smt3/src/halaman/dokter.java</file>
            <file>file:/C:/Users/ZAKI/Documents/A.TUGAS%20NUMPUK%20COLLEGE%20EDITION/A.TUGAS2%20MATKUL/A.Matkul%20Smt%203/Prak_Database/UAS_u/UAS_prak_database_smt3/src/halaman/menu.java</file>
            <file>file:/C:/Users/ZAKI/Documents/A.TUGAS%20NUMPUK%20COLLEGE%20EDITION/A.TUGAS2%20MATKUL/A.Matkul%20Smt%203/Prak_Database/UAS_u/UAS_prak_database_smt3/src/halaman/pasien.java</file>
            <file>file:/C:/Users/ZAKI/Documents/A.TUGAS%20NUMPUK%20COLLEGE%20EDITION/A.TUGAS2%20MATKUL/A.Matkul%20Smt%203/Prak_Database/UAS_u/UAS_prak_database_smt3/src/halaman/resep_konsultasi_dokter.java</file>
            <file>file:/C:/Users/ZAKI/Documents/A.TUGAS%20NUMPUK%20COLLEGE%20EDITION/A.TUGAS2%20MATKUL/A.Matkul%20Smt%203/Prak_Database/UAS_u/UAS_prak_database_smt3/src/halaman/ruang_rawat_inap_covid19.java</file>
            <file>file:/C:/Users/ZAKI/Documents/A.TUGAS%20NUMPUK%20COLLEGE%20EDITION/A.TUGAS2%20MATKUL/A.Matkul%20Smt%203/Prak_Database/UAS_u/UAS_prak_database_smt3/src/halaman/pcr_swab_test.java</file>
        </group>
    </open-files>
</project-private>
